Date                                    , Status                                  , ProjName                                , BoardDefShortName                       , BoardDefName                            , SynthName                               , ImplName                                , SynthInfo                               , SynthWarnings                           , SynthCritWarnings                       , SynthError                              , ImplInfo                                , ImplWarnings                            , ImplCritWarnings                        , ImplError                               , ImplDRCWarnings                         , ImplDRCError                            , ImplTimingWNS                           , ImplTimingFaildEndpoints                , ImplTimingTNS                           ,
2020-01-29T14:34:20                     , Error                                   , zynqberrydemo2                          , m_512MB                                 , trenz.biz:te0726_m:part0:3.1            , synth_1                                 , impl_1                                  , 156                                     , 121                                     , 0                                       , 0                                       , 33                                      , 15                                      , 2                                       , 0                                       , 19                                      ,  0                                      , -0.150                                  , 1                                       , -0.150                                  ,
2020-01-29T14:34:20                     , Error                                   , zynqberrydemo2                          , m_512MB                                 , trenz.biz:te0726_m:part0:3.1            , synth_1                                 , impl_1                                  , 156                                     , 121                                     , 0                                       , 0                                       , 33                                      , 15                                      , 2                                       , 0                                       , 19                                      ,  0                                      , -0.150                                  , 1                                       , -0.150                                  ,
2020-01-29T14:34:20                     , Error                                   , zynqberrydemo2                          , m_512MB                                 , trenz.biz:te0726_m:part0:3.1            , synth_1                                 , impl_1                                  , 156                                     , 121                                     , 0                                       , 0                                       , 33                                      , 15                                      , 2                                       , 0                                       , 19                                      ,  0                                      , -0.150                                  , 1                                       , -0.150                                  ,
2020-01-29T14:34:20                     , Error                                   , zynqberrydemo2                          , m_512MB                                 , trenz.biz:te0726_m:part0:3.1            , synth_1                                 , impl_1                                  , 156                                     , 121                                     , 0                                       , 0                                       , 33                                      , 15                                      , 2                                       , 0                                       , 19                                      ,  0                                      , -0.150                                  , 1                                       , -0.150                                  ,
2020-01-29T14:34:20                     , Error                                   , zynqberrydemo2                          , m_512MB                                 , trenz.biz:te0726_m:part0:3.1            , synth_1                                 , impl_1                                  , 156                                     , 121                                     , 0                                       , 0                                       , 33                                      , 15                                      , 2                                       , 0                                       , 19                                      ,  0                                      , -0.150                                  , 1                                       , -0.150                                  ,
2020-01-29T14:34:20                     , Error                                   , zynqberrydemo2                          , m_512MB                                 , trenz.biz:te0726_m:part0:3.1            , synth_1                                 , impl_1                                  , 156                                     , 121                                     , 0                                       , 0                                       , 33                                      , 15                                      , 2                                       , 0                                       , 19                                      ,  0                                      , -0.150                                  , 1                                       , -0.150                                  ,
2020-01-29T14:34:20                     , Error                                   , zynqberrydemo2                          , m_512MB                                 , trenz.biz:te0726_m:part0:3.1            , synth_1                                 , impl_1                                  , 156                                     , 121                                     , 0                                       , 0                                       , 33                                      , 15                                      , 2                                       , 0                                       , 19                                      ,  0                                      , -0.150                                  , 1                                       , -0.150                                  ,
2020-01-29T14:34:20                     , Error                                   , zynqberrydemo2                          , m_512MB                                 , trenz.biz:te0726_m:part0:3.1            , synth_1                                 , impl_1                                  , 156                                     , 121                                     , 0                                       , 0                                       , 33                                      , 15                                      , 2                                       , 0                                       , 19                                      ,  0                                      , -0.150                                  , 1                                       , -0.150                                  ,
2020-02-06T14:45:30                     , Error                                   , zynqberrydemo2                          , m_512MB                                 , trenz.biz:te0726_m:part0:3.1            , synth_1                                 , impl_1                                  , 149                                     , 106                                     , 0                                       , 0                                       , 33                                      , 15                                      , 2                                       , 0                                       , 19                                      ,  0                                      , -0.150                                  , 1                                       , -0.150                                  ,
2020-02-06T15:01:17                     , Error                                   , zynqberrydemo2                          , 7s_512MB                                , trenz.biz:te0726_7s:part0:3.1           , synth_1                                 , impl_1                                  , 149                                     , 106                                     , 0                                       , 0                                       , 33                                      , 15                                      , 2                                       , 0                                       , 19                                      ,  0                                      , -0.114                                  , 1                                       , -0.114                                  ,
2020-02-07T12:38:43                     , Error                                   , zynqberrydemo2                          , m_512MB                                 , trenz.biz:te0726_m:part0:3.1            , synth_1                                 , impl_1                                  , 149                                     , 106                                     , 0                                       , 0                                       , 33                                      , 15                                      , 2                                       , 0                                       , 19                                      ,  0                                      , -0.150                                  , 1                                       , -0.150                                  ,
2020-02-07T12:52:47                     , Error                                   , zynqberrydemo2                          , 7s_512MB                                , trenz.biz:te0726_7s:part0:3.1           , synth_1                                 , impl_1                                  , 149                                     , 106                                     , 0                                       , 0                                       , 33                                      , 15                                      , 2                                       , 0                                       , 19                                      ,  0                                      , -0.114                                  , 1                                       , -0.114                                  ,
2021-06-09T20:36:06                     , Ok                                      , zynqberrydemo2                          , m_512MB                                 , trenz.biz:te0726_m:part0:3.1            , synth_1                                 , impl_1                                  , 149                                     , 105                                     , 0                                       , 0                                       , 33                                      , 15                                      , 0                                       , 0                                       , 19                                      ,  0                                      , 0.016                                   , 0                                       , 0.000                                   ,
